time,temp
2025-04-04 02:55:49,12.76
2025-04-04 03:34:46,13.76
2025-04-04 03:44:49,13.76
2025-04-04 03:55:12,13.76
2025-04-04 04:39:29,14.76
2025-04-04 04:51:03,14.76
2025-04-04 04:56:56,14.76
2025-04-04 05:37:22,14.76
2025-04-04 05:44:34,14.76
2025-04-04 05:49:56,14.76
2025-04-04 05:55:35,14.76
2025-04-04 06:46:38,14.76
2025-04-04 06:54:43,14.76
2025-04-04 07:00:13,14.76
2025-04-04 07:29:19,14.76
2025-04-04 07:41:43,14.76
2025-04-04 07:47:28,14.76
2025-04-04 07:53:24,14.76
2025-04-04 07:58:53,14.76
2025-04-04 08:43:21,13.76
2025-04-04 08:53:47,13.76
2025-04-04 08:59:20,13.76
2025-04-04 09:33:20,11.76
2025-04-04 09:43:45,11.76
2025-04-04 09:49:27,11.76
2025-04-04 09:54:47,11.76
2025-04-04 10:00:10,11.76
2025-04-04 10:41:01,9.76
2025-04-04 10:49:21,9.76
2025-04-04 10:54:58,9.76
2025-04-04 11:26:16,7.76
2025-04-04 11:40:51,7.76
2025-04-04 11:46:12,7.76
2025-04-04 11:51:57,7.76
2025-04-04 11:57:28,7.76
2025-04-04 13:16:54,10.28
2025-04-04 13:43:59,5.76
2025-04-04 13:49:37,5.76
2025-04-04 13:55:10,5.76
2025-04-04 14:37:51,7.76
2025-04-04 14:46:17,7.76
2025-04-04 14:51:50,7.76
2025-04-04 14:57:18,7.76
2025-04-04 15:37:34,7.76
2025-04-04 15:49:29,7.76
2025-04-04 15:55:09,7.76
2025-04-04 16:43:35,7.76
2025-04-04 16:53:58,7.76
2025-04-04 16:59:37,7.76
2025-04-04 17:32:35,6.76
2025-04-04 17:42:01,6.76
2025-04-04 17:47:25,6.76
2025-04-04 17:52:59,6.76
2025-04-04 17:58:17,6.76
2025-04-04 18:45:15,7.76
2025-04-04 18:52:44,7.76
2025-04-04 18:58:09,7.76
2025-04-04 19:24:38,7.78
2025-04-04 19:30:06,7.76
2025-04-04 19:39:43,7.76
2025-04-04 19:45:12,7.76
2025-04-04 19:50:46,7.76
2025-04-04 19:56:27,7.76
2025-04-04 20:32:47,7.76
2025-04-04 20:44:00,7.76
2025-04-04 20:49:42,7.76
2025-04-04 20:55:06,7.76
2025-04-04 21:27:38,7.76
2025-04-04 21:38:37,7.76
2025-04-04 21:44:14,7.76
2025-04-04 21:49:52,7.76
2025-04-04 21:55:25,7.76
2025-04-04 22:34:57,8.76
2025-04-04 22:44:59,8.76
2025-04-04 22:50:40,8.76
2025-04-04 22:56:19,8.76
2025-04-04 23:28:01,7.76
2025-04-04 23:40:19,7.76
2025-04-04 23:46:03,7.76
2025-04-04 23:51:58,7.76
2025-04-04 23:57:22,7.76
2025-04-05 03:04:51,7.76
2025-04-05 03:48:34,7.76
2025-04-05 03:54:06,7.76
2025-04-05 03:59:38,7.76
2025-04-05 04:38:28,7.76
2025-04-05 04:49:20,7.76
2025-04-05 04:54:53,7.76
2025-04-05 05:33:55,7.76
2025-04-05 05:43:23,7.76
2025-04-05 05:49:12,7.76
2025-04-05 05:54:34,7.76
2025-04-05 05:59:57,7.76
2025-04-05 06:42:58,7.76
2025-04-05 06:50:55,7.76
2025-04-05 06:56:17,7.76
2025-04-05 07:25:35,7.76
2025-04-05 07:37:15,7.76
2025-04-05 07:42:35,7.76
2025-04-05 07:48:14,7.76
2025-04-05 07:53:56,7.76
2025-04-05 07:59:20,7.76
2025-04-05 08:37:27,7.76
2025-04-05 08:47:51,7.76
2025-04-05 08:53:44,7.76
2025-04-05 08:59:05,7.76
2025-04-05 09:28:37,7.76
2025-04-05 09:37:47,7.76
2025-04-05 09:43:03,7.76
2025-04-05 09:48:23,7.76
2025-04-05 09:54:03,7.76
2025-04-05 09:59:24,7.76
2025-04-05 10:37:26,7.76
2025-04-05 10:44:02,7.76
2025-04-05 10:49:36,7.76
2025-04-05 10:54:59,7.76
2025-04-05 11:21:59,7.76
2025-04-05 11:27:20,7.76
2025-04-05 11:37:22,7.76
2025-04-05 11:43:09,7.76
2025-04-05 11:48:36,7.76
2025-04-05 11:54:24,7.76
2025-04-05 11:59:58,7.76
2025-04-05 13:02:14,7.76
2025-04-05 13:32:57,7.76
2025-04-05 13:40:10,7.76
2025-04-05 13:46:08,7.76
2025-04-05 13:51:46,7.76
2025-04-05 13:57:09,7.76
2025-04-05 14:31:01,7.76
2025-04-05 14:41:06,7.76
2025-04-05 14:46:49,7.76
2025-04-05 14:52:38,7.76
2025-04-05 14:58:20,7.76
2025-04-05 15:28:56,6.76
2025-04-05 15:39:28,6.76
2025-04-05 15:45:02,6.76
2025-04-05 15:50:58,6.76
2025-04-05 15:56:26,6.76
2025-04-05 16:40:14,6.76
2025-04-05 16:49:28,6.76
2025-04-05 16:54:50,6.76
2025-04-05 17:00:07,6.76
2025-04-05 17:30:05,6.76
2025-04-05 17:41:35,6.76
2025-04-05 17:47:21,6.76
2025-04-05 17:53:03,6.76
2025-04-05 17:58:35,6.76
2025-04-05 18:39:13,7.76
2025-04-05 18:48:05,7.76
2025-04-05 18:53:38,7.76
2025-04-05 18:59:12,7.76
2025-04-05 19:21:19,6.76
2025-04-05 19:26:53,6.76
2025-04-05 19:37:29,6.76
2025-04-05 19:43:01,6.76
2025-04-05 19:48:43,6.76
2025-04-05 19:54:14,6.76
2025-04-05 19:59:46,6.76
2025-04-05 20:30:27,6.76
2025-04-05 20:40:57,6.76
2025-04-05 20:46:24,6.76
2025-04-05 20:52:27,6.76
2025-04-05 20:58:07,6.76
2025-04-05 21:27:15,5.76
2025-04-05 21:35:40,5.76
2025-04-05 21:41:01,5.76
2025-04-05 21:46:52,5.76
2025-04-05 21:52:51,5.76
2025-04-05 21:58:24,5.76
2025-04-05 22:33:44,5.76
2025-04-05 22:42:52,5.76
2025-04-05 22:48:17,5.76
2025-04-05 22:54:09,5.76
2025-04-05 22:59:39,5.76
2025-04-05 23:29:08,7.76
2025-04-05 23:40:27,7.76
2025-04-05 23:45:52,7.76
2025-04-05 23:51:36,6.76
2025-04-05 23:56:58,6.76
2025-04-06 03:10:52,12.67
2025-04-06 03:50:42,13.76
2025-04-06 03:56:06,13.76
2025-04-06 04:43:06,13.76
2025-04-06 04:53:57,13.76
2025-04-06 04:59:26,13.76
2025-04-06 05:32:42,13.76
2025-04-06 05:42:04,13.76
2025-04-06 05:47:43,13.76
2025-04-06 05:53:16,13.76
2025-04-06 05:58:39,13.76
2025-04-06 06:47:30,13.76
2025-04-06 06:54:24,13.76
2025-04-06 06:59:55,13.76
2025-04-06 07:26:05,13.76
2025-04-06 07:35:00,13.76
2025-04-06 07:40:21,13.76
2025-04-06 07:45:56,13.76
2025-04-06 07:51:44,13.76
2025-04-06 07:57:30,13.76
2025-04-06 08:38:35,12.76
2025-04-06 08:49:52,12.76
2025-04-06 08:55:44,12.76
2025-04-06 09:29:38,11.76
2025-04-06 09:40:18,11.76
2025-04-06 09:45:43,11.76
2025-04-06 09:51:26,11.76
2025-04-06 09:57:09,11.76
2025-04-06 10:37:27,9.76
2025-04-06 10:44:29,9.76
2025-04-06 10:50:13,9.76
2025-04-06 10:55:44,9.76
2025-04-06 11:22:31,8.76
2025-04-06 11:27:55,8.76
2025-04-06 11:37:42,8.76
2025-04-06 11:43:06,8.76
2025-04-06 11:48:48,8.76
2025-04-06 11:54:24,8.76
2025-04-06 11:59:45,8.76
2025-04-06 13:02:39,8.76
2025-04-06 13:34:44,7.76
2025-04-06 13:41:44,7.76
2025-04-06 13:47:03,7.76
2025-04-06 13:52:56,7.76
2025-04-06 13:58:41,7.76
2025-04-06 14:32:05,5.76
2025-04-06 14:41:32,5.76
2025-04-06 14:47:01,5.76
2025-04-06 14:53:01,5.76
2025-04-06 14:58:45,5.76
2025-04-06 15:28:59,3.76
2025-04-06 15:39:25,3.76
2025-04-06 15:44:52,3.76
2025-04-06 15:50:21,3.76
2025-04-06 15:55:41,3.76
2025-04-06 16:39:29,3.76
2025-04-06 16:49:12,3.76
2025-04-06 16:54:55,3.76
2025-04-06 17:28:38,4.76
2025-04-06 17:41:11,4.76
2025-04-06 17:46:54,4.76
2025-04-06 17:52:44,4.76
2025-04-06 17:58:17,4.76
2025-04-06 18:40:30,2.76
2025-04-06 18:49:55,2.76
2025-04-06 18:55:39,2.76
2025-04-06 19:20:25,7.15
2025-04-06 19:26:20,7.15
2025-04-06 19:39:15,2.76
2025-04-06 19:44:47,2.76
2025-04-06 19:50:37,2.76
2025-04-06 19:56:04,2.76
2025-04-06 20:31:00,3.76
2025-04-06 20:42:04,3.76
2025-04-06 20:47:50,3.76
2025-04-06 20:53:09,3.76
2025-04-06 20:58:37,3.76
2025-04-06 21:27:04,2.76
2025-04-06 21:37:55,2.76
2025-04-06 21:43:06,2.76
2025-04-06 21:48:52,2.76
2025-04-06 21:54:10,2.76
2025-04-06 21:59:36,2.76
2025-04-06 22:33:18,3.76
2025-04-06 22:42:56,3.76
2025-04-06 22:48:50,3.76
2025-04-06 22:54:29,3.76
2025-04-06 22:59:56,3.76
2025-04-06 23:27:10,8.76
2025-04-06 23:36:17,8.76
2025-04-06 23:42:05,8.76
2025-04-06 23:47:27,8.76
2025-04-06 23:52:53,8.76
2025-04-06 23:58:19,8.76
2025-04-07 03:12:09,16.71
2025-04-07 03:52:30,17.76
2025-04-07 03:57:49,17.76
2025-04-07 04:40:25,17.76
2025-04-07 04:50:29,17.76
2025-04-07 04:56:01,17.76
2025-04-07 05:38:05,18.76
2025-04-07 05:45:23,18.76
2025-04-07 05:50:50,18.76
2025-04-07 05:56:24,18.76
2025-04-07 06:48:51,19.76
2025-04-07 06:55:40,19.76
2025-04-07 07:31:31,18.76
2025-04-07 07:42:07,18.76
2025-04-07 07:47:43,18.76
2025-04-07 07:53:30,18.76
2025-04-07 07:58:57,18.76
2025-04-07 08:47:00,17.76
2025-04-07 08:56:20,17.76
2025-04-07 09:35:29,16.76
2025-04-07 09:45:24,16.76
2025-04-07 09:50:49,16.76
2025-04-07 09:56:24,16.76
2025-04-07 10:41:52,15.76
2025-04-07 10:50:45,15.76
2025-04-07 10:56:22,15.76
2025-04-07 11:25:57,14.76
2025-04-07 11:36:31,14.76
2025-04-07 11:41:54,14.76
2025-04-07 11:47:15,14.76
2025-04-07 11:52:55,14.76
2025-04-07 11:58:28,14.76
2025-04-07 13:35:28,14.76
2025-04-07 13:49:28,14.76
2025-04-07 13:55:05,14.76
2025-04-07 14:40:20,13.76
2025-04-07 14:50:50,13.76
2025-04-07 14:56:12,13.76
2025-04-07 15:35:17,12.76
2025-04-07 15:46:02,12.76
2025-04-07 15:52:00,12.76
2025-04-07 15:58:00,12.76
2025-04-07 16:44:54,12.76
2025-04-07 16:56:01,12.76
2025-04-07 17:32:12,11.76
2025-04-07 17:42:26,11.76
2025-04-07 17:47:55,11.76
2025-04-07 17:53:39,11.76
2025-04-07 17:59:14,11.76
2025-04-07 18:43:07,10.76
2025-04-07 18:52:53,10.76
2025-04-07 18:58:25,10.76
2025-04-07 19:23:50,9.76
2025-04-07 19:29:14,9.76
2025-04-07 19:39:28,9.76
2025-04-07 19:44:51,9.76
2025-04-07 19:50:50,9.76
2025-04-07 19:56:37,9.76
2025-04-07 20:33:58,9.76
2025-04-07 20:45:16,9.76
2025-04-07 20:51:04,9.76
2025-04-07 20:56:57,9.76
2025-04-07 21:30:51,9.76
2025-04-07 21:42:59,9.76
2025-04-07 21:55:38,9.76
2025-04-07 21:59:36,9.76
2025-04-07 22:37:00,9.76
2025-04-07 22:45:03,9.76
2025-04-07 22:50:29,9.76
2025-04-07 22:55:57,9.76
2025-04-07 23:31:13,10.76
2025-04-07 23:42:05,10.76
2025-04-07 23:47:44,10.76
2025-04-07 23:53:14,10.76
2025-04-07 23:59:02,10.76
2025-04-08 03:07:33,14.76
2025-04-08 03:51:18,15.76
2025-04-08 03:56:46,15.76
2025-04-08 04:41:26,16.76
2025-04-08 04:53:05,16.76
2025-04-08 04:58:27,16.76
2025-04-08 05:37:54,17.76
2025-04-08 05:45:12,17.76
2025-04-08 05:50:52,17.76
2025-04-08 05:56:26,17.76
2025-04-08 06:48:24,17.76
2025-04-08 06:55:41,17.76
2025-04-08 07:29:36,17.76
2025-04-08 07:41:06,17.76
2025-04-08 07:46:49,17.76
2025-04-08 07:52:36,17.76
2025-04-08 07:58:16,17.76
2025-04-08 08:46:34,17.76
2025-04-08 08:56:22,17.76
2025-04-08 09:35:22,15.76
2025-04-08 09:45:27,15.76
2025-04-08 09:51:00,15.76
2025-04-08 09:56:47,15.76
2025-04-08 10:41:46,13.76
2025-04-08 10:50:52,13.76
2025-04-08 10:56:23,13.76
2025-04-08 11:25:58,12.76
2025-04-08 11:37:21,12.76
2025-04-08 11:43:07,12.76
2025-04-08 11:48:37,12.76
2025-04-08 11:54:17,12.76
2025-04-08 11:59:59,12.76
2025-04-08 13:35:10,9.76
2025-04-08 13:49:23,9.76
2025-04-08 13:55:07,9.76
2025-04-08 14:41:00,7.76
2025-04-08 14:51:34,7.76
2025-04-08 14:56:59,7.76
2025-04-08 15:38:26,6.76
2025-04-08 15:48:38,6.76
2025-04-08 15:54:35,6.76
2025-04-08 16:00:27,6.76
2025-04-08 16:48:49,6.76
2025-04-08 16:57:15,6.76
2025-04-08 17:34:14,5.76
2025-04-08 17:43:42,5.76
2025-04-08 17:49:22,5.76
2025-04-08 17:55:06,5.76
2025-04-08 18:47:38,5.76
2025-04-08 18:56:11,5.76
2025-04-08 19:24:36,5.76
2025-04-08 19:30:11,5.76
2025-04-08 19:39:55,5.76
2025-04-08 19:45:38,5.76
2025-04-08 19:51:36,5.76
2025-04-08 19:57:00,5.76
2025-04-08 20:35:29,6.76
2025-04-08 20:46:05,6.76
2025-04-08 20:51:41,6.76
2025-04-08 20:57:08,6.76
2025-04-08 21:29:36,10.23
2025-04-08 21:41:21,6.76
2025-04-08 21:47:12,6.76
2025-04-08 21:52:46,6.76
2025-04-08 21:58:23,6.76
2025-04-08 22:37:10,7.76
2025-04-08 22:45:06,7.76
2025-04-08 22:50:38,7.76
2025-04-08 22:56:07,7.76
2025-04-08 23:28:28,10.76
2025-04-08 23:40:56,10.76
2025-04-08 23:46:15,10.76
2025-04-08 23:52:18,10.76
2025-04-08 23:57:46,10.76
2025-04-09 03:09:22,16.25
2025-04-09 03:51:55,16.76
2025-04-09 03:57:32,16.76
2025-04-09 04:40:25,17.76
2025-04-09 04:53:14,17.76
2025-04-09 04:58:34,17.76
2025-04-09 05:37:53,15.76
2025-04-09 05:45:28,15.76
2025-04-09 05:51:27,15.76
2025-04-09 05:57:18,15.76
2025-04-09 06:49:02,14.76
2025-04-09 06:56:23,14.76
2025-04-09 07:30:04,12.76
2025-04-09 07:42:00,12.76
2025-04-09 07:47:41,12.76
2025-04-09 07:53:14,12.76
2025-04-09 07:58:40,12.76
2025-04-09 08:50:14,13.76
2025-04-09 08:58:01,13.76
2025-04-09 09:38:06,13.76
2025-04-09 09:48:01,13.76
2025-04-09 09:53:33,13.76
2025-04-09 09:58:52,13.76
2025-04-09 10:47:29,11.76
2025-04-09 10:56:55,11.76
2025-04-09 11:26:00,12.78
2025-04-09 11:36:35,10.76
2025-04-09 11:41:55,10.76
2025-04-09 11:47:17,10.76
2025-04-09 11:53:19,10.76
2025-04-09 11:58:55,10.76
2025-04-09 13:37:22,9.76
2025-04-09 13:55:50,9.76
2025-04-09 14:42:55,10.76
2025-04-09 14:53:49,10.76
2025-04-09 14:59:30,10.76
2025-04-09 15:40:14,12.09
2025-04-09 15:51:04,9.76
2025-04-09 15:56:30,9.76
2025-04-09 16:50:25,9.76
2025-04-09 16:58:40,9.76
2025-04-09 17:35:21,8.76
2025-04-09 17:44:24,8.76
2025-04-09 17:50:16,8.76
2025-04-09 17:56:07,8.76
2025-04-09 18:45:55,8.76
2025-04-09 18:53:29,8.76
2025-04-09 18:59:05,8.76
2025-04-09 19:24:22,8.76
2025-04-09 19:29:57,8.76
2025-04-09 19:39:25,8.76
2025-04-09 19:44:55,8.76
2025-04-09 19:50:29,8.76
2025-04-09 19:56:00,8.76
2025-04-09 20:34:29,7.76
2025-04-09 20:49:38,6.76
2025-04-09 20:55:19,6.76
2025-04-09 21:26:07,5.76
2025-04-09 21:36:25,5.76
2025-04-09 21:41:36,5.76
2025-04-09 21:47:24,5.76
2025-04-09 21:52:57,5.76
2025-04-09 21:58:43,5.76
2025-04-09 22:32:48,6.76
2025-04-09 22:43:18,6.76
2025-04-09 22:48:47,6.76
2025-04-09 22:54:24,6.76
2025-04-09 22:59:53,6.76
2025-04-09 23:29:05,9.76
2025-04-09 23:40:40,9.76
2025-04-09 23:46:19,9.76
2025-04-09 23:51:53,9.76
2025-04-09 23:57:18,9.76
2025-04-10 03:08:12,15.76
2025-04-10 03:52:14,15.76
2025-04-10 03:57:36,15.76
2025-04-10 04:43:07,17.76
2025-04-10 04:53:12,17.76
2025-04-10 04:58:27,17.76
2025-04-10 05:37:30,17.76
2025-04-10 05:44:59,17.76
2025-04-10 05:50:27,17.76
2025-04-10 05:56:17,17.76
2025-04-10 06:48:01,17.76
2025-04-10 06:55:19,17.76
2025-04-10 07:31:13,16.76
2025-04-10 07:43:15,16.76
2025-04-10 07:48:41,16.76
2025-04-10 07:54:21,16.76
2025-04-10 07:59:58,16.76
2025-04-10 08:46:11,15.76
2025-04-10 08:56:30,15.76
2025-04-10 09:33:34,13.76
2025-04-10 09:44:38,13.76
2025-04-10 09:50:25,13.76
2025-04-10 09:56:10,13.76
2025-04-10 10:41:35,11.76
2025-04-10 10:50:37,11.76
2025-04-10 10:56:03,11.76
2025-04-10 11:26:07,13.54
2025-04-10 11:36:34,10.76
2025-04-10 11:42:01,10.76
2025-04-10 11:47:46,10.76
2025-04-10 11:53:12,10.76
2025-04-10 11:58:47,10.76
2025-04-10 13:34:45,8.76
2025-04-10 13:49:07,8.76
2025-04-10 13:54:52,8.76
2025-04-10 14:39:21,7.76
2025-04-10 14:46:27,7.76
2025-04-10 14:52:30,7.76
2025-04-10 14:58:14,7.76
2025-04-10 15:36:34,7.76
2025-04-10 15:46:29,7.76
2025-04-10 15:52:25,7.76
2025-04-10 15:57:57,7.76
2025-04-10 16:47:52,6.76
2025-04-10 16:57:06,6.76
2025-04-10 17:32:36,6.76
2025-04-10 17:42:51,6.76
2025-04-10 17:48:20,6.76
2025-04-10 17:53:50,6.76
2025-04-10 17:59:15,6.76
2025-04-10 18:43:32,6.76
2025-04-10 18:52:17,6.76
2025-04-10 18:57:55,6.76
2025-04-10 19:20:58,6.76
2025-04-10 19:26:34,6.76
2025-04-10 19:37:42,6.76
2025-04-10 19:43:06,6.76
2025-04-10 19:48:31,6.76
2025-04-10 19:54:03,6.76
2025-04-10 19:59:29,6.76
2025-04-10 20:34:47,6.76
2025-04-10 20:45:53,6.76
2025-04-10 20:51:16,6.76
2025-04-10 20:56:37,6.76
2025-04-10 21:28:38,6.76
2025-04-10 21:40:45,6.76
2025-04-10 21:46:04,6.76
2025-04-10 21:52:07,6.76
2025-04-10 21:57:39,6.76
2025-04-10 22:38:01,6.76
2025-04-10 22:45:43,6.76
2025-04-10 22:51:34,6.76
2025-04-10 22:57:08,6.76
2025-04-10 23:30:47,10.76
2025-04-10 23:41:41,10.76
2025-04-10 23:47:28,10.76
2025-04-10 23:52:56,10.76
2025-04-10 23:58:40,10.76
2025-04-11 03:09:45,20.76
2025-04-11 03:51:41,20.76
2025-04-11 03:56:58,20.76
2025-04-11 04:41:29,22.76
2025-04-11 04:52:03,22.76
2025-04-11 04:57:23,22.76
2025-04-11 05:39:35,22.76
2025-04-11 05:49:22,22.76
2025-04-11 05:54:51,22.76
2025-04-11 06:00:14,22.76
2025-04-11 06:49:08,21.76
2025-04-11 06:55:32,21.76
2025-04-11 07:28:38,21.76
2025-04-11 07:40:29,21.76
2025-04-11 07:45:48,21.76
2025-04-11 07:51:22,21.76
2025-04-11 07:56:46,21.76
2025-04-11 08:43:28,19.76
2025-04-11 08:54:40,19.76
2025-04-11 09:00:00,19.76
2025-04-11 09:34:34,18.76
2025-04-11 09:44:11,18.76
2025-04-11 09:49:52,18.76
2025-04-11 09:55:20,18.76
2025-04-11 10:40:06,16.76
2025-04-11 10:49:39,16.76
2025-04-11 10:55:01,16.76
2025-04-11 11:25:15,13.76
2025-04-11 11:36:00,13.76
2025-04-11 11:41:22,13.76
2025-04-11 11:47:05,13.76
2025-04-11 11:52:38,13.76
2025-04-11 11:58:01,13.76
2025-04-11 13:17:52,11.76
2025-04-11 13:46:18,11.76
2025-04-11 13:52:08,11.76
2025-04-11 13:57:29,11.76
2025-04-11 14:39:11,10.76
2025-04-11 14:48:51,10.76
2025-04-11 14:54:37,10.76
2025-04-11 14:59:58,10.76
2025-04-11 15:35:09,9.76
2025-04-11 15:45:29,9.76
2025-04-11 15:50:35,9.76
2025-04-11 15:56:01,9.76
2025-04-11 16:44:47,9.76
2025-04-11 16:55:15,9.76
2025-04-11 17:29:26,9.76
2025-04-11 17:43:29,9.76
2025-04-11 17:48:54,9.76
2025-04-11 17:54:17,9.76
2025-04-11 17:59:30,9.76
2025-04-11 18:47:23,9.76
2025-04-11 18:54:41,9.76
2025-04-11 18:59:59,9.76
2025-04-11 19:24:07,10.76
2025-04-11 19:29:31,10.76
2025-04-11 19:39:42,10.76
2025-04-11 19:45:03,10.76
2025-04-11 19:51:02,10.76
2025-04-11 19:56:26,10.76
2025-04-11 20:32:52,9.76
2025-04-11 20:44:30,9.76
2025-04-11 20:50:02,9.76
2025-04-11 20:55:55,9.76
2025-04-11 21:28:12,9.76
2025-04-11 21:40:20,9.76
2025-04-11 21:45:54,9.76
2025-04-11 21:51:22,9.76
2025-04-11 21:56:59,9.76
2025-04-11 22:38:18,10.76
2025-04-11 22:49:12,10.76
2025-04-11 22:54:38,10.76
2025-04-11 23:00:06,10.76
2025-04-11 23:29:41,15.76
2025-04-11 23:41:09,15.76
2025-04-11 23:46:48,15.76
2025-04-11 23:52:20,15.76
2025-04-11 23:57:42,15.76
2025-04-12 03:06:20,21.76
2025-04-12 03:48:53,21.76
2025-04-12 03:54:32,21.76
2025-04-12 04:00:02,21.76
2025-04-12 04:40:18,19.76
2025-04-12 04:50:11,15.76
2025-04-12 04:55:53,15.76
2025-04-12 05:32:12,16.76
2025-04-12 05:42:05,16.76
2025-04-12 05:47:48,16.76
2025-04-12 05:53:10,16.76
2025-04-12 05:59:03,16.76
2025-04-12 06:43:29,16.76
2025-04-12 06:53:30,16.76
2025-04-12 06:59:01,16.76
2025-04-12 07:26:41,15.76
2025-04-12 07:35:36,15.76
2025-04-12 07:40:57,15.76
2025-04-12 07:46:53,15.76
2025-04-12 07:52:50,15.76
2025-04-12 07:58:23,15.76
2025-04-12 08:38:13,11.76
2025-04-12 08:50:40,11.76
2025-04-12 08:56:25,11.76
2025-04-12 09:31:18,8.76
2025-04-12 09:41:30,8.76
2025-04-12 09:46:52,8.76
2025-04-12 09:52:41,8.76
2025-04-12 09:58:13,8.76
2025-04-12 10:35:08,6.76
2025-04-12 10:42:50,6.76
2025-04-12 10:48:33,6.76
2025-04-12 10:54:20,6.76
2025-04-12 10:59:46,6.76
2025-04-12 11:22:59,5.76
2025-04-12 11:28:19,5.76
2025-04-12 11:37:48,4.76
2025-04-12 11:43:23,4.76
2025-04-12 11:49:11,4.76
2025-04-12 11:54:46,4.76
2025-04-12 12:00:25,4.76
2025-04-12 13:02:29,4.76
2025-04-12 13:33:19,1.76
2025-04-12 13:40:54,1.76
2025-04-12 13:46:14,1.76
2025-04-12 13:52:03,0.76
2025-04-12 13:57:22,0.76
2025-04-12 14:31:36,0.76
2025-04-12 14:41:54,0.76
2025-04-12 14:47:16,0.76
2025-04-12 14:53:10,0.76
2025-04-12 14:58:44,0.76
2025-04-12 15:28:57,0.76
2025-04-12 15:42:03,0.76
2025-04-12 15:47:24,0.76
2025-04-12 15:53:17,0.76
2025-04-12 15:58:41,0.76
2025-04-12 16:39:13,0.76
2025-04-12 16:50:42,0.76
2025-04-12 16:56:21,0.76
2025-04-12 17:32:20,1.76
2025-04-12 17:41:47,1.76
2025-04-12 17:47:30,1.76
2025-04-12 17:53:13,1.76
2025-04-12 17:58:38,1.76
2025-04-12 18:40:50,2.76
2025-04-12 18:50:46,2.76
2025-04-12 18:56:07,2.76
2025-04-12 19:22:02,3.76
2025-04-12 19:27:30,3.76
2025-04-12 19:37:30,3.76
2025-04-12 19:43:03,3.76
2025-04-12 19:48:29,3.76
2025-04-12 19:54:09,3.76
2025-04-12 19:59:45,3.76
2025-04-12 20:30:45,4.76
2025-04-12 20:41:28,4.76
2025-04-12 20:47:12,4.76
2025-04-12 20:52:36,4.76
2025-04-12 20:57:56,4.76
2025-04-12 21:26:50,4.76
2025-04-12 21:36:56,4.76
2025-04-12 21:42:20,4.76
2025-04-12 21:48:15,4.76
2025-04-12 21:53:42,4.76
2025-04-12 21:59:14,4.76
2025-04-12 22:33:16,6.76
2025-04-12 22:42:41,6.76
2025-04-12 22:48:01,6.76
2025-04-12 22:53:50,6.76
2025-04-12 22:59:23,6.76
2025-04-13 04:18:37,6.76
2025-04-13 05:34:52,3.76
2025-04-13 05:47:08,3.76
2025-04-13 05:52:42,3.76
2025-04-13 05:58:17,3.76
2025-04-13 06:44:22,6.76
2025-04-13 06:52:11,6.76
2025-04-13 06:57:46,6.76
2025-04-13 07:26:53,6.76
2025-04-13 07:35:18,6.76
2025-04-13 07:40:50,6.76
2025-04-13 07:46:20,6.76
2025-04-13 07:51:47,6.76
2025-04-13 07:57:07,6.76
2025-04-13 08:39:11,6.76
2025-04-13 08:50:01,6.76
2025-04-13 08:55:21,6.76
2025-04-13 09:32:12,6.76
2025-04-13 09:42:23,6.76
2025-04-13 09:48:13,6.76
2025-04-13 09:53:40,6.76
2025-04-13 09:59:27,6.76
2025-04-13 10:39:21,5.76
2025-04-13 10:46:33,5.76
2025-04-13 10:52:14,5.76
2025-04-13 10:57:31,5.76
2025-04-13 11:23:09,5.76
2025-04-13 11:28:34,5.76
2025-04-13 11:38:37,5.76
2025-04-13 11:44:13,5.76
2025-04-13 11:49:43,5.76
2025-04-13 11:55:06,5.76
2025-04-13 13:03:17,5.76
2025-04-13 13:42:43,5.76
2025-04-13 13:48:23,5.76
2025-04-13 13:53:59,5.76
2025-04-13 13:59:21,5.76
2025-04-13 14:32:06,5.76
2025-04-13 14:42:12,5.76
2025-04-13 14:47:50,5.76
2025-04-13 14:53:22,5.76
2025-04-13 14:58:59,5.76
2025-04-13 15:32:22,5.76
2025-04-13 15:42:24,5.76
2025-04-13 15:48:15,5.76
2025-04-13 15:54:18,5.76
2025-04-13 15:59:58,5.76
2025-04-13 16:43:23,4.76
2025-04-13 16:52:07,4.76
2025-04-13 16:57:35,4.76
2025-04-13 17:30:31,4.76
2025-04-13 17:40:47,4.76
2025-04-13 17:46:21,1.76
2025-04-13 17:51:53,1.76
2025-04-13 17:57:29,1.76
2025-04-13 18:40:41,0.76
2025-04-13 18:50:10,0.76
2025-04-13 18:55:34,0.76
2025-04-13 19:20:58,2.76
2025-04-13 19:26:35,2.76
2025-04-13 19:36:41,2.76
2025-04-13 19:42:20,2.76
2025-04-13 19:47:58,2.76
2025-04-13 19:53:39,2.76
2025-04-13 19:59:05,2.76
2025-04-13 20:31:16,2.76
2025-04-13 20:42:09,2.76
2025-04-13 20:47:38,2.76
2025-04-13 20:53:36,2.76
2025-04-13 20:59:01,2.76
2025-04-13 21:27:34,3.76
2025-04-13 21:36:57,3.76
2025-04-13 21:42:25,3.76
2025-04-13 21:47:52,3.76
2025-04-13 21:53:41,3.76
2025-04-13 21:59:01,3.76
2025-04-13 22:34:35,3.76
2025-04-13 22:44:22,3.76
2025-04-13 22:49:47,3.76
2025-04-13 22:55:27,3.76
2025-04-13 23:30:32,4.76
2025-04-13 23:43:52,4.76
2025-04-13 23:49:13,4.76
2025-04-13 23:55:01,4.76
2025-04-14 03:14:45,6.76
2025-04-14 03:55:47,6.76
2025-04-14 04:40:13,5.76
2025-04-14 04:51:54,5.76
2025-04-14 04:57:15,5.76
2025-04-14 05:38:30,6.76
2025-04-14 05:45:59,6.76
2025-04-14 05:51:52,6.76
2025-04-14 05:57:18,6.76
2025-04-14 06:50:21,5.76
2025-04-14 06:56:58,5.76
2025-04-14 07:31:15,5.76
2025-04-14 07:41:55,5.76
2025-04-14 07:47:40,5.76
2025-04-14 07:53:03,5.76
2025-04-14 07:58:21,5.76
2025-04-14 08:47:53,5.76
2025-04-14 08:56:52,5.76
2025-04-14 09:38:05,5.76
2025-04-14 09:47:16,5.76
2025-04-14 09:52:39,5.76
2025-04-14 09:58:02,5.76
2025-04-14 10:43:21,5.76
2025-04-14 10:52:34,5.76
2025-04-14 10:57:59,5.76
2025-04-14 11:26:09,5.76
2025-04-14 11:36:37,5.76
2025-04-14 11:42:04,5.76
2025-04-14 11:47:49,5.76
2025-04-14 11:53:29,5.76
2025-04-14 11:59:19,5.76
2025-04-14 13:36:23,4.76
2025-04-14 13:50:52,4.76
2025-04-14 13:56:16,4.76
2025-04-14 14:41:28,3.76
2025-04-14 14:51:21,3.76
2025-04-14 14:57:09,3.76
2025-04-14 15:33:37,3.76
2025-04-14 15:45:27,3.76
2025-04-14 15:50:59,3.76
2025-04-14 15:56:32,3.76
2025-04-14 16:48:16,2.76
2025-04-14 16:56:44,2.76
2025-04-14 17:32:51,1.76
2025-04-14 17:43:19,1.76
2025-04-14 17:49:16,1.76
2025-04-14 17:55:02,1.76
2025-04-14 18:47:35,0.76
2025-04-14 18:55:17,0.76
2025-04-14 19:23:51,-0.24
2025-04-14 19:29:21,-0.24
2025-04-14 19:40:02,-0.24
2025-04-14 19:45:24,-0.24
2025-04-14 19:50:59,-0.24
2025-04-14 19:56:20,-0.24
2025-04-14 20:36:49,-1.24
2025-04-14 20:47:13,-1.24
2025-04-14 20:52:40,-1.24
2025-04-14 20:58:01,-1.24
2025-04-14 21:29:49,0.76
2025-04-14 21:41:04,0.76
2025-04-14 21:46:31,0.76
2025-04-14 21:51:57,0.76
2025-04-14 21:57:20,0.76
2025-04-14 22:37:26,1.76
2025-04-14 22:45:23,1.76
2025-04-14 22:51:03,1.76
2025-04-14 22:56:26,1.76
2025-04-14 23:28:47,5.76
2025-04-14 23:41:38,5.76
2025-04-14 23:47:26,5.76
2025-04-14 23:52:49,5.76
2025-04-14 23:58:10,5.76
2025-04-15 03:13:49,11.76
2025-04-15 03:54:04,12.76
2025-04-15 03:59:28,12.76
2025-04-15 04:42:01,12.76
2025-04-15 04:53:58,12.76
2025-04-15 04:59:30,12.76
2025-04-15 05:38:00,13.76
2025-04-15 05:45:50,13.76
2025-04-15 05:51:22,13.76
2025-04-15 05:56:42,13.76
2025-04-15 06:48:33,12.76
2025-04-15 06:55:57,12.76
2025-04-15 07:34:07,12.76
2025-04-15 07:44:01,12.76
2025-04-15 07:49:34,12.76
2025-04-15 07:55:12,12.76
2025-04-15 08:47:33,11.76
2025-04-15 08:57:21,11.76
2025-04-15 09:36:23,9.76
2025-04-15 09:46:17,9.76
2025-04-15 09:52:00,9.76
2025-04-15 09:57:53,9.76
2025-04-15 10:42:49,8.76
2025-04-15 10:51:50,8.76
2025-04-15 10:57:27,8.76
2025-04-15 11:26:23,7.76
2025-04-15 11:42:12,7.76
2025-04-15 11:47:37,7.76
2025-04-15 11:53:07,7.76
2025-04-15 11:58:46,7.76
2025-04-15 13:36:14,9.24
2025-04-15 13:51:25,6.76
2025-04-15 13:56:55,6.76
2025-04-15 14:40:59,6.76
2025-04-15 14:51:19,6.76
2025-04-15 14:56:45,6.76
2025-04-15 15:37:00,6.76
2025-04-15 15:47:09,6.76
2025-04-15 15:52:51,6.76
2025-04-15 15:58:32,6.76
2025-04-15 16:44:40,5.76
2025-04-15 16:55:25,5.76
2025-04-15 17:33:11,3.76
2025-04-15 17:44:11,3.76
2025-04-15 17:49:51,3.76
2025-04-15 17:55:44,3.76
2025-04-15 18:44:40,5.76
2025-04-15 18:54:22,5.76
2025-04-15 18:59:44,5.76
2025-04-15 19:24:14,4.76
2025-04-15 19:29:59,4.76
2025-04-15 19:39:42,4.76
2025-04-15 19:45:15,4.76
2025-04-15 19:50:58,4.76
2025-04-15 19:56:44,4.76
2025-04-15 20:35:06,5.76
2025-04-15 20:45:57,5.76
2025-04-15 20:51:40,5.76
2025-04-15 20:57:28,5.76
2025-04-15 21:29:44,5.76
2025-04-15 21:40:54,5.76
2025-04-15 21:46:27,5.76
2025-04-15 21:52:04,5.76
2025-04-15 21:57:33,5.76
2025-04-15 22:37:43,6.76
2025-04-15 22:45:43,6.76
2025-04-15 22:51:13,6.76
2025-04-15 22:56:36,6.76
2025-04-15 23:29:04,9.76
2025-04-15 23:41:17,9.76
2025-04-15 23:46:59,9.76
2025-04-15 23:52:25,9.76
2025-04-15 23:57:55,9.76
2025-04-16 03:13:04,17.76
2025-04-16 03:54:08,17.76
2025-04-16 03:59:40,17.76
2025-04-16 04:41:06,19.76
2025-04-16 04:53:18,19.76
2025-04-16 04:58:40,19.76
2025-04-16 05:37:58,21.76
2025-04-16 05:46:00,21.76
2025-04-16 05:51:36,21.76
2025-04-16 05:56:58,21.76
2025-04-16 06:48:38,20.76
2025-04-16 06:56:51,20.76
2025-04-16 07:30:21,21.76
2025-04-16 07:41:58,21.76
2025-04-16 07:47:59,21.76
2025-04-16 07:53:27,21.76
2025-04-16 07:59:00,21.76
2025-04-16 08:48:53,20.76
2025-04-16 08:57:21,20.76
2025-04-16 09:37:59,19.76
2025-04-16 09:47:07,19.76
2025-04-16 09:52:42,19.76
2025-04-16 09:58:15,19.76
2025-04-16 10:43:09,18.76
2025-04-16 10:51:37,18.76
2025-04-16 10:56:53,18.76
2025-04-16 11:26:27,17.76
2025-04-16 11:37:00,17.76
2025-04-16 11:42:59,17.76
2025-04-16 11:48:56,17.76
2025-04-16 11:54:22,17.76
2025-04-16 11:59:43,17.76
2025-04-16 13:35:02,15.76
2025-04-16 13:49:19,15.76
2025-04-16 13:55:07,15.76
2025-04-16 14:38:30,15.76
2025-04-16 14:48:47,15.76
2025-04-16 14:54:18,15.76
2025-04-16 14:59:52,15.76
2025-04-16 15:38:46,14.76
2025-04-16 15:48:45,14.76
2025-04-16 15:54:42,14.76
2025-04-16 16:00:12,14.76
2025-04-16 16:50:28,15.76
2025-04-16 16:59:46,15.76
2025-04-16 17:33:05,15.76
2025-04-16 17:44:30,15.76
2025-04-16 17:49:47,15.76
2025-04-16 17:55:06,15.76
2025-04-16 18:47:50,13.76
2025-04-16 18:55:30,13.76
2025-04-16 19:20:50,13.76
2025-04-16 19:28:33,13.76
2025-04-16 19:38:32,13.76
2025-04-16 19:44:15,13.76
2025-04-16 19:49:53,13.76
2025-04-16 19:55:26,13.76
2025-04-16 20:36:29,14.76
2025-04-16 20:46:53,14.76
2025-04-16 20:52:39,14.76
2025-04-16 20:58:15,14.76
2025-04-16 21:30:56,12.76
2025-04-16 21:42:27,12.76
2025-04-16 21:48:04,12.76
2025-04-16 21:53:51,12.76
2025-04-16 21:59:33,12.76
2025-04-16 22:38:37,15.76
2025-04-16 22:46:50,15.76
2025-04-16 22:52:21,15.76
2025-04-16 22:57:51,15.76
2025-04-16 23:28:47,14.87
2025-04-16 23:43:14,17.76
2025-04-16 23:48:40,17.76
2025-04-16 23:54:17,17.76
2025-04-16 23:59:36,17.76
2025-04-17 03:12:01,20.76
2025-04-17 03:53:29,22.76
2025-04-17 03:58:51,22.76
2025-04-17 04:42:24,22.76
2025-04-17 04:52:40,22.76
2025-04-17 04:58:02,22.76
2025-04-17 05:37:58,22.76
2025-04-17 05:45:23,22.76
2025-04-17 05:50:55,22.76
2025-04-17 05:56:47,22.76
2025-04-17 06:48:14,23.76
2025-04-17 06:55:34,23.76
2025-04-17 07:31:32,21.76
2025-04-17 07:44:38,21.76
2025-04-17 07:50:01,21.76
2025-04-17 07:55:41,21.76
2025-04-17 08:43:42,19.76
2025-04-17 08:56:16,19.76
2025-04-17 09:34:02,18.76
2025-04-17 09:45:01,18.76
2025-04-17 09:50:27,18.76
2025-04-17 09:56:06,18.76
2025-04-17 10:40:53,17.76
2025-04-17 10:50:27,17.76
2025-04-17 10:56:08,17.76
2025-04-17 11:25:41,18.76
2025-04-17 11:36:08,18.76
2025-04-17 11:42:52,18.76
2025-04-17 11:48:39,18.76
2025-04-17 11:54:18,18.76
2025-04-17 12:00:00,18.76
2025-04-17 13:33:55,16.76
2025-04-17 13:47:18,16.76
2025-04-17 13:52:43,16.76
2025-04-17 13:58:09,16.76
2025-04-17 14:38:46,15.76
2025-04-17 14:47:22,15.76
2025-04-17 14:52:56,15.76
2025-04-17 14:58:18,15.76
2025-04-17 15:34:55,14.76
2025-04-17 15:45:23,14.76
2025-04-17 15:51:14,14.76
2025-04-17 15:57:01,14.76
2025-04-17 16:47:45,16.76
2025-04-17 16:57:31,16.76
2025-04-17 17:34:37,16.76
2025-04-17 17:43:31,16.76
2025-04-17 17:49:35,16.76
2025-04-17 17:55:11,16.76
2025-04-17 18:46:27,15.76
2025-04-17 18:54:31,15.76
2025-04-17 19:00:16,15.76
2025-04-17 19:23:50,15.76
2025-04-17 19:29:21,15.76
2025-04-17 19:39:46,15.76
2025-04-17 19:45:17,15.76
2025-04-17 19:51:05,14.76
2025-04-17 19:56:38,14.76
2025-04-17 20:33:32,14.76
2025-04-17 20:45:16,14.76
2025-04-17 20:50:50,14.76
2025-04-17 20:56:30,14.76
2025-04-17 21:28:35,14.76
2025-04-17 21:41:37,14.76
2025-04-17 21:47:22,14.76
2025-04-17 21:52:50,14.76
2025-04-17 21:58:32,14.76
2025-04-17 22:36:10,15.76
2025-04-17 22:45:27,15.76
2025-04-17 22:50:13,15.76
2025-04-17 22:55:57,15.76
2025-04-17 23:29:01,13.76
2025-04-17 23:41:47,13.76
2025-04-17 23:47:27,13.76
2025-04-17 23:52:48,13.76
2025-04-17 23:58:18,13.76
2025-04-18 03:08:24,18.76
2025-04-18 03:51:19,18.76
2025-04-18 03:56:46,18.76
2025-04-18 04:41:33,20.76
2025-04-18 04:53:20,20.76
2025-04-18 04:58:39,20.76
2025-04-18 05:37:30,21.76
2025-04-18 05:44:53,21.76
2025-04-18 05:50:36,21.76
2025-04-18 05:56:13,21.76
2025-04-18 06:47:53,22.76
2025-04-18 06:55:13,22.76
2025-04-18 07:30:54,22.76
2025-04-18 07:41:09,22.76
2025-04-18 07:46:48,22.76
2025-04-18 07:52:23,22.76
2025-04-18 07:57:40,22.76
2025-04-18 08:42:15,21.76
2025-04-18 08:53:49,21.76
2025-04-18 08:59:28,21.76
2025-04-18 09:34:51,20.76
2025-04-18 09:44:27,20.76
2025-04-18 09:49:56,20.76
2025-04-18 09:55:15,20.76
2025-04-18 10:41:08,16.76
2025-04-18 10:51:19,16.76
2025-04-18 10:56:48,16.76
2025-04-18 11:24:52,14.76
2025-04-18 11:30:11,14.76
2025-04-18 11:41:37,14.76
2025-04-18 11:47:13,14.76
2025-04-18 11:53:08,14.76
2025-04-18 11:58:44,14.76
2025-04-18 13:15:33,13.76
2025-04-18 13:41:38,13.76
2025-04-18 13:47:26,13.76
2025-04-18 13:53:25,13.76
2025-04-18 13:58:50,13.76
2025-04-18 14:36:23,12.76
2025-04-18 14:44:53,12.76
2025-04-18 14:50:37,12.76
2025-04-18 14:56:23,12.76
2025-04-18 15:32:26,14.76
2025-04-18 15:43:48,14.76
2025-04-18 15:49:18,14.76
2025-04-18 15:55:19,14.76
2025-04-18 16:41:40,14.76
2025-04-18 16:53:56,14.76
2025-04-18 16:59:18,14.76
2025-04-18 17:32:29,15.76
2025-04-18 17:41:52,15.76
2025-04-18 17:47:40,15.76
2025-04-18 17:53:11,15.76
2025-04-18 17:58:36,15.76
2025-04-18 18:44:20,15.76
2025-04-18 18:53:23,15.76
2025-04-18 18:58:58,15.76
2025-04-18 19:23:04,14.76
2025-04-18 19:28:43,14.76
2025-04-18 19:39:08,14.76
2025-04-18 19:44:34,14.76
2025-04-18 19:50:02,14.76
2025-04-18 19:55:19,14.76
2025-04-18 20:32:03,14.76
2025-04-18 20:43:28,14.76
2025-04-18 20:49:01,14.76
2025-04-18 20:54:48,14.76
2025-04-18 21:00:20,14.76
2025-04-18 21:30:26,14.76
2025-04-18 21:40:30,14.76
2025-04-18 21:46:01,14.76
2025-04-18 21:51:53,14.76
2025-04-18 21:57:13,14.76
2025-04-18 22:37:26,15.76
2025-04-18 22:45:57,15.76
2025-04-18 22:51:35,15.76
2025-04-18 22:57:06,15.76
2025-04-18 23:29:55,16.76
2025-04-18 23:41:25,16.76
2025-04-18 23:46:39,16.76
2025-04-18 23:52:35,16.76
2025-04-18 23:58:07,16.76
2025-04-19 03:04:11,18.76
2025-04-19 03:48:21,17.76
2025-04-19 03:54:56,17.76
2025-04-19 04:00:09,17.76
2025-04-19 04:38:49,18.76
2025-04-19 04:48:53,18.76
2025-04-19 04:54:08,18.76
2025-04-19 04:59:28,18.76
2025-04-19 05:37:14,12.76
2025-04-19 05:44:28,12.76
2025-04-19 05:49:43,12.76
2025-04-19 05:55:31,12.76
2025-04-19 06:43:08,14.76
2025-04-19 06:51:29,14.76
2025-04-19 06:56:52,14.76
2025-04-19 07:25:42,13.76
2025-04-19 07:35:25,13.76
2025-04-19 07:41:16,13.76
2025-04-19 07:47:04,13.76
2025-04-19 07:52:52,13.76
2025-04-19 07:58:27,13.76
2025-04-19 08:37:59,11.76
2025-04-19 08:49:12,11.76
2025-04-19 08:54:47,10.76
2025-04-19 09:00:06,10.76
2025-04-19 09:29:59,10.76
2025-04-19 09:40:15,10.76
2025-04-19 09:46:06,10.76
2025-04-19 09:51:53,10.76
2025-04-19 09:57:44,10.76
2025-04-19 10:36:47,10.76
2025-04-19 10:43:50,10.76
2025-04-19 10:49:35,10.76
2025-04-19 10:55:04,10.76
2025-04-19 11:23:13,10.76
2025-04-19 11:29:05,10.76
2025-04-19 11:37:46,10.76
2025-04-19 11:43:20,10.76
2025-04-19 11:49:13,10.76
2025-04-19 11:54:51,10.76
2025-04-19 13:01:59,11.76
2025-04-19 13:36:24,11.76
2025-04-19 13:42:03,11.76
2025-04-19 13:47:38,11.76
2025-04-19 13:53:15,11.76
2025-04-19 13:58:31,11.76
2025-04-19 14:32:42,11.76
2025-04-19 14:42:13,11.76
2025-04-19 14:47:39,11.76
2025-04-19 14:53:38,11.76
2025-04-19 14:59:07,11.76
2025-04-19 15:30:01,9.76
2025-04-19 15:40:25,9.76
2025-04-19 15:46:06,9.76
2025-04-19 15:52:14,9.76
2025-04-19 15:58:06,9.76
2025-04-19 16:40:43,9.76
2025-04-19 16:50:49,9.76
2025-04-19 16:56:01,9.76
2025-04-19 17:30:35,8.76
2025-04-19 17:41:08,8.76
2025-04-19 17:46:39,8.76
2025-04-19 17:52:23,8.76
2025-04-19 17:58:01,8.76
2025-04-19 18:40:11,9.76
2025-04-19 18:49:11,9.76
2025-04-19 18:54:36,9.76
2025-04-19 18:59:58,9.76
2025-04-19 19:23:09,9.76
2025-04-19 19:28:36,9.76
2025-04-19 19:37:10,9.76
2025-04-19 19:42:55,9.76
2025-04-19 19:48:37,9.76
2025-04-19 19:54:08,9.76
2025-04-19 19:59:27,9.76
2025-04-19 20:32:20,8.76
2025-04-19 20:42:31,8.76
2025-04-19 20:48:00,8.76
2025-04-19 20:53:40,8.76
2025-04-19 20:59:04,8.76
2025-04-19 21:28:29,8.76
2025-04-19 21:37:49,8.76
2025-04-19 21:43:11,8.76
2025-04-19 21:48:43,8.76
2025-04-19 21:54:03,8.76
2025-04-19 21:59:33,8.76
2025-04-19 22:34:13,8.76
2025-04-19 22:43:04,8.76
2025-04-19 22:48:53,8.76
2025-04-19 22:54:33,8.76
2025-04-19 23:00:11,8.76
2025-04-19 23:30:59,9.76
2025-04-19 23:41:46,9.76
2025-04-19 23:47:03,9.76
2025-04-19 23:52:53,9.76
2025-04-19 23:58:15,9.76
2025-04-20 03:14:47,18.76
2025-04-20 03:55:04,18.76
2025-04-20 04:38:39,20.76
2025-04-20 04:49:58,20.76
2025-04-20 04:55:21,20.76
2025-04-20 05:34:58,21.76
2025-04-20 05:44:25,21.76
2025-04-20 05:50:10,21.76
2025-04-20 05:55:50,21.76
2025-04-20 06:43:38,22.76
2025-04-20 06:52:12,22.76
2025-04-20 06:57:30,22.76
2025-04-20 07:28:35,22.76
2025-04-20 07:37:55,22.76
2025-04-20 07:43:43,22.76
2025-04-20 07:49:31,22.76
2025-04-20 07:54:53,22.76
